<?xml version="1.0" encoding="UTF-8"?>
<GenRun Id="synth_1" LaunchPart="xc7s15ftgb196-1" LaunchTime="1596193292">
  <File Type="PA-TCL" Name="clrf_RGB.tcl"/>
  <File Type="RDS-PROPCONSTRS" Name="clrf_RGB_drc_synth.rpt"/>
  <File Type="REPORTS-TCL" Name="clrf_RGB_reports.tcl"/>
  <File Type="RDS-RDS" Name="clrf_RGB.vds"/>
  <File Type="RDS-UTIL" Name="clrf_RGB_utilization_synth.rpt"/>
  <File Type="RDS-UTIL-PB" Name="clrf_RGB_utilization_synth.pb"/>
  <File Type="RDS-DCP" Name="clrf_RGB.dcp"/>
  <File Type="VDS-TIMINGSUMMARY" Name="clrf_RGB_timing_summary_synth.rpt"/>
  <File Type="VDS-TIMING-PB" Name="clrf_RGB_timing_summary_synth.pb"/>
  <FileSet Name="sources" Type="DesignSrcs" RelSrcDir="$PSRCDIR/sources_1">
    <Filter Type="Srcs"/>
    <File Path="$PSRCDIR/sources_1/new/Driver_RGB_LED.v">
      <FileInfo>
        <Attr Name="UsedIn" Val="synthesis"/>
        <Attr Name="UsedIn" Val="implementation"/>
        <Attr Name="UsedIn" Val="simulation"/>
      </FileInfo>
    </File>
    <File Path="$PSRCDIR/sources_1/new/clrf_RGB.v">
      <FileInfo>
        <Attr Name="UsedIn" Val="synthesis"/>
        <Attr Name="UsedIn" Val="implementation"/>
        <Attr Name="UsedIn" Val="simulation"/>
      </FileInfo>
    </File>
    <Config>
      <Option Name="DesignMode" Val="RTL"/>
      <Option Name="TopModule" Val="clrf_RGB"/>
      <Option Name="TopAutoSet" Val="TRUE"/>
    </Config>
  </FileSet>
  <FileSet Name="constrs_in" Type="Constrs" RelSrcDir="$PSRCDIR/constrs_1">
    <Filter Type="Constrs"/>
    <File Path="$PSRCDIR/constrs_1/new/system.xdc">
      <FileInfo>
        <Attr Name="UsedIn" Val="synthesis"/>
        <Attr Name="UsedIn" Val="implementation"/>
      </FileInfo>
    </File>
    <Config>
      <Option Name="ConstrsType" Val="XDC"/>
    </Config>
  </FileSet>
  <FileSet Name="utils" Type="Utils" RelSrcDir="$PSRCDIR/utils_1">
    <Filter Type="Utils"/>
    <Config>
      <Option Name="TopAutoSet" Val="TRUE"/>
    </Config>
  </FileSet>
  <Strategy Version="1" Minor="2">
    <StratHandle Name="Vivado Synthesis Defaults" Flow="Vivado Synthesis 2018"/>
    <Step Id="synth_design"/>
  </Strategy>
  <BlockFileSet Type="BlockSrcs" Name="clk_wiz_0"/>
  <BlockFileSet Type="BlockSrcs" Name="OV5647_Init_0"/>
  <BlockFileSet Type="BlockSrcs" Name="Driver_MIPI_0"/>
  <BlockFileSet Type="BlockSrcs" Name="Driver_IIC_0"/>
  <BlockFileSet Type="BlockSrcs" Name="Driver_SK6805_0"/>
  <BlockFileSet Type="BlockSrcs" Name="Clk_Division_0"/>
</GenRun>
