<?xml version="1.0" encoding="UTF-8"?>
<GenRun Id="impl_1" LaunchPart="xc7s15ftgb196-1" LaunchTime="1596193292">
  <File Type="BITSTR-BMM" Name="clrf_RGB_bd.bmm"/>
  <File Type="OPT-METHODOLOGY-DRC" Name="clrf_RGB_methodology_drc_opted.rpt"/>
  <File Type="INIT-TIMING" Name="clrf_RGB_timing_summary_init.rpt"/>
  <File Type="ROUTE-PWR" Name="clrf_RGB_power_routed.rpt"/>
  <File Type="PA-TCL" Name="clrf_RGB.tcl"/>
  <File Type="OPT-TIMING" Name="clrf_RGB_timing_summary_opted.rpt"/>
  <File Type="OPT-DCP" Name="clrf_RGB_opt.dcp"/>
  <File Type="ROUTE-PWR-SUM" Name="clrf_RGB_power_summary_routed.pb"/>
  <File Type="REPORTS-TCL" Name="clrf_RGB_reports.tcl"/>
  <File Type="OPT-DRC" Name="clrf_RGB_drc_opted.rpt"/>
  <File Type="OPT-HWDEF" Name="clrf_RGB.hwdef"/>
  <File Type="PWROPT-DCP" Name="clrf_RGB_pwropt.dcp"/>
  <File Type="PWROPT-DRC" Name="clrf_RGB_drc_pwropted.rpt"/>
  <File Type="PWROPT-TIMING" Name="clrf_RGB_timing_summary_pwropted.rpt"/>
  <File Type="PLACE-DCP" Name="clrf_RGB_placed.dcp"/>
  <File Type="PLACE-IO" Name="clrf_RGB_io_placed.rpt"/>
  <File Type="PLACE-CLK" Name="clrf_RGB_clock_utilization_placed.rpt"/>
  <File Type="PLACE-UTIL" Name="clrf_RGB_utilization_placed.rpt"/>
  <File Type="PLACE-UTIL-PB" Name="clrf_RGB_utilization_placed.pb"/>
  <File Type="PLACE-CTRL" Name="clrf_RGB_control_sets_placed.rpt"/>
  <File Type="PLACE-SIMILARITY" Name="clrf_RGB_incremental_reuse_placed.rpt"/>
  <File Type="PLACE-PRE-SIMILARITY" Name="clrf_RGB_incremental_reuse_pre_placed.rpt"/>
  <File Type="BG-BGN" Name="clrf_RGB.bgn"/>
  <File Type="PLACE-TIMING" Name="clrf_RGB_timing_summary_placed.rpt"/>
  <File Type="POSTPLACE-PWROPT-DCP" Name="clrf_RGB_postplace_pwropt.dcp"/>
  <File Type="BG-BIN" Name="clrf_RGB.bin"/>
  <File Type="POSTPLACE-PWROPT-TIMING" Name="clrf_RGB_timing_summary_postplace_pwropted.rpt"/>
  <File Type="PHYSOPT-DCP" Name="clrf_RGB_physopt.dcp"/>
  <File Type="PHYSOPT-DRC" Name="clrf_RGB_drc_physopted.rpt"/>
  <File Type="BITSTR-MSK" Name="clrf_RGB.msk"/>
  <File Type="PHYSOPT-TIMING" Name="clrf_RGB_timing_summary_physopted.rpt"/>
  <File Type="ROUTE-ERROR-DCP" Name="clrf_RGB_routed_error.dcp"/>
  <File Type="ROUTE-DCP" Name="clrf_RGB_routed.dcp"/>
  <File Type="ROUTE-BLACKBOX-DCP" Name="clrf_RGB_routed_bb.dcp"/>
  <File Type="ROUTE-DRC" Name="clrf_RGB_drc_routed.rpt"/>
  <File Type="ROUTE-DRC-PB" Name="clrf_RGB_drc_routed.pb"/>
  <File Type="BITSTR-LTX" Name="debug_nets.ltx"/>
  <File Type="BITSTR-LTX" Name="clrf_RGB.ltx"/>
  <File Type="ROUTE-DRC-RPX" Name="clrf_RGB_drc_routed.rpx"/>
  <File Type="BITSTR-MMI" Name="clrf_RGB.mmi"/>
  <File Type="ROUTE-METHODOLOGY-DRC" Name="clrf_RGB_methodology_drc_routed.rpt"/>
  <File Type="ROUTE-METHODOLOGY-DRC-RPX" Name="clrf_RGB_methodology_drc_routed.rpx"/>
  <File Type="BITSTR-SYSDEF" Name="clrf_RGB.sysdef"/>
  <File Type="ROUTE-METHODOLOGY-DRC-PB" Name="clrf_RGB_methodology_drc_routed.pb"/>
  <File Type="ROUTE-PWR-RPX" Name="clrf_RGB_power_routed.rpx"/>
  <File Type="ROUTE-STATUS" Name="clrf_RGB_route_status.rpt"/>
  <File Type="ROUTE-STATUS-PB" Name="clrf_RGB_route_status.pb"/>
  <File Type="ROUTE-TIMINGSUMMARY" Name="clrf_RGB_timing_summary_routed.rpt"/>
  <File Type="ROUTE-TIMING-PB" Name="clrf_RGB_timing_summary_routed.pb"/>
  <File Type="ROUTE-TIMING-RPX" Name="clrf_RGB_timing_summary_routed.rpx"/>
  <File Type="ROUTE-SIMILARITY" Name="clrf_RGB_incremental_reuse_routed.rpt"/>
  <File Type="ROUTE-CLK" Name="clrf_RGB_clock_utilization_routed.rpt"/>
  <File Type="ROUTE-BUS-SKEW" Name="clrf_RGB_bus_skew_routed.rpt"/>
  <File Type="ROUTE-BUS-SKEW-PB" Name="clrf_RGB_bus_skew_routed.pb"/>
  <File Type="ROUTE-BUS-SKEW-RPX" Name="clrf_RGB_bus_skew_routed.rpx"/>
  <File Type="POSTROUTE-PHYSOPT-DCP" Name="clrf_RGB_postroute_physopt.dcp"/>
  <File Type="POSTROUTE-PHYSOPT-BLACKBOX-DCP" Name="clrf_RGB_postroute_physopt_bb.dcp"/>
  <File Type="POSTROUTE-PHYSOPT-TIMING" Name="clrf_RGB_timing_summary_postroute_physopted.rpt"/>
  <File Type="POSTROUTE-PHYSOPT-TIMING-PB" Name="clrf_RGB_timing_summary_postroute_physopted.pb"/>
  <File Type="POSTROUTE-PHYSOPT-TIMING-RPX" Name="clrf_RGB_timing_summary_postroute_physopted.rpx"/>
  <File Type="POSTROUTE-PHYSOPT-BUS-SKEW" Name="clrf_RGB_bus_skew_postroute_physopted.rpt"/>
  <File Type="POSTROUTE-PHYSOPT-BUS-SKEW-PB" Name="clrf_RGB_bus_skew_postroute_physopted.pb"/>
  <File Type="BG-BIT" Name="clrf_RGB.bit"/>
  <File Type="POSTROUTE-PHYSOPT-BUS-SKEW-RPX" Name="clrf_RGB_bus_skew_postroute_physopted.rpx"/>
  <File Type="BITSTR-RBT" Name="clrf_RGB.rbt"/>
  <File Type="BITSTR-NKY" Name="clrf_RGB.nky"/>
  <File Type="BG-DRC" Name="clrf_RGB.drc"/>
  <File Type="RDI-RDI" Name="clrf_RGB.vdi"/>
  <File Type="WBT-USG" Name="usage_statistics_webtalk.html"/>
  <FileSet Name="sources" Type="DesignSrcs" RelSrcDir="$PSRCDIR/sources_1">
    <Filter Type="Srcs"/>
    <File Path="$PSRCDIR/sources_1/new/Driver_RGB_LED.v">
      <FileInfo>
        <Attr Name="UsedIn" Val="synthesis"/>
        <Attr Name="UsedIn" Val="implementation"/>
        <Attr Name="UsedIn" Val="simulation"/>
      </FileInfo>
    </File>
    <File Path="$PSRCDIR/sources_1/new/clrf_RGB.v">
      <FileInfo>
        <Attr Name="UsedIn" Val="synthesis"/>
        <Attr Name="UsedIn" Val="implementation"/>
        <Attr Name="UsedIn" Val="simulation"/>
      </FileInfo>
    </File>
    <Config>
      <Option Name="DesignMode" Val="RTL"/>
      <Option Name="TopModule" Val="clrf_RGB"/>
      <Option Name="TopAutoSet" Val="TRUE"/>
    </Config>
  </FileSet>
  <FileSet Name="constrs_in" Type="Constrs" RelSrcDir="$PSRCDIR/constrs_1">
    <Filter Type="Constrs"/>
    <File Path="$PSRCDIR/constrs_1/new/system.xdc">
      <FileInfo>
        <Attr Name="UsedIn" Val="synthesis"/>
        <Attr Name="UsedIn" Val="implementation"/>
      </FileInfo>
    </File>
    <Config>
      <Option Name="ConstrsType" Val="XDC"/>
    </Config>
  </FileSet>
  <FileSet Name="utils" Type="Utils" RelSrcDir="$PSRCDIR/utils_1">
    <Filter Type="Utils"/>
    <Config>
      <Option Name="TopAutoSet" Val="TRUE"/>
    </Config>
  </FileSet>
  <Strategy Version="1" Minor="2">
    <StratHandle Name="Vivado Implementation Defaults" Flow="Vivado Implementation 2018"/>
    <Step Id="init_design"/>
    <Step Id="opt_design"/>
    <Step Id="power_opt_design"/>
    <Step Id="place_design"/>
    <Step Id="post_place_power_opt_design"/>
    <Step Id="phys_opt_design"/>
    <Step Id="route_design"/>
    <Step Id="post_route_phys_opt_design"/>
    <Step Id="write_bitstream"/>
  </Strategy>
  <BlockFileSet Type="BlockSrcs" Name="clk_wiz_0"/>
  <BlockFileSet Type="BlockSrcs" Name="OV5647_Init_0"/>
  <BlockFileSet Type="BlockSrcs" Name="Driver_MIPI_0"/>
  <BlockFileSet Type="BlockSrcs" Name="Driver_IIC_0"/>
  <BlockFileSet Type="BlockSrcs" Name="Driver_SK6805_0"/>
  <BlockFileSet Type="BlockSrcs" Name="Clk_Division_0"/>
</GenRun>
